source,trade_date,status,rows,sha256,fetched_at
BSE,2026-07-01,loaded,4942,03fbcd73328d3740423425df1d349b425729fc5488fc5ce5b1ac0ea144b3d7f7,2026-10-02T07:02:26+00:00
BSE,2026-07-02,loaded,4949,975adbb0bfad3cdd10d3e7f425e0bd98a5d651544bba79d54de22ff9f87faa9c,2026-10-02T07:02:29+00:00
BSE,2026-07-03,loaded,4934,4a0e72d841a43055fd4949029fd7d94fab93ae8fe6545006edf0784c14466fa7,2026-10-02T07:02:33+00:00
BSE,2026-07-06,loaded,5005,71c081a19c413a050a818aabe82acf2797e5a94439e9a54d37c2230440b28d66,2026-10-02T07:02:38+00:00
BSE,2026-07-07,loaded,4840,5f6ed921d507b4d7aa6457ad8f58d73e30f9c97c569900b8ca9aa8a833502675,2026-10-02T07:02:42+00:00
BSE,2026-07-08,loaded,4948,d7beca1c3e72bb22075c00ea381a72fe01b6bd46620f6a5e452b8ce07df00b1a,2026-10-02T07:02:46+00:00
BSE,2026-07-09,loaded,4876,388332b4d144354c88c14663d5b3fb3b5ae391a47fa8dc9af4bc2388caf8f9b9,2026-10-02T07:02:50+00:00
BSE,2026-07-10,loaded,4866,927ac9b794c7149451384a65a82e25dc1dbb7f9db865b1c84a9c811724cae408,2026-10-02T07:02:53+00:00
BSE,2026-07-13,loaded,5046,59b3c7d551fa15f5221939c051dec1fbfbaf2154e67c0e4a9e5d54bff5d83ef7,2026-10-02T07:02:56+00:00
BSE,2026-07-14,loaded,4873,2096aae7d4335a2145b6eb04dce5bc7551a978e1e9551fc23fac35d4ecd77858,2026-10-02T07:02:59+00:00
BSE,2026-07-15,loaded,4857,2fe7896a94b397605c44a896c1e3f328bb6409f125194919cb54a306619237be,2026-10-02T07:03:02+00:00
BSE,2026-07-16,loaded,4850,2fd11a38f144580b2ddad37891e4ab0c85155fc078801b27239c6f86e0611f16,2026-10-02T07:03:05+00:00
BSE,2026-07-17,loaded,4815,52d2d84097f48003b2f6838f9561c58c2b646fdef5baa670510fdb1ccf44d7ee,2026-10-02T07:03:08+00:00
BSE,2026-07-20,loaded,4992,1239663a6f5c230438342010ae0ada9f043ae9e06cb97888126ce8b198de2574,2026-10-02T07:03:11+00:00
BSE,2026-07-21,loaded,4849,86afdfc83a0a1353eeb02760453c417c5dbf9f0bf2534068804409fb84d531e4,2026-10-02T07:03:15+00:00
BSE,2026-07-22,loaded,4844,bcda0d1d4f70dd49720adc3ff193642a7bff2af87ffe6156f1b24c786f249541,2026-10-02T07:03:18+00:00
BSE,2026-07-23,loaded,4816,555a6b7a452fca261ee3e9abbccb0e33320d01c6c4ff72b29540f3cb004b38e2,2026-10-02T07:03:22+00:00
BSE,2026-07-24,loaded,4853,f80fe2de103a8683cab41d3f1ed9c3fca67367c9c717ef47ceae45ab9728747d,2026-10-02T07:03:26+00:00
BSE,2026-07-27,loaded,5045,f2a06d9c33b5b48afceb6311c80771ae7b8d4ffddb17219671fb1cdb24c7b96e,2026-10-02T07:03:30+00:00
BSE,2026-07-28,loaded,4873,5e49ba44663863ff25953778388c0c4ca9f0edf690f79666f3c38e415e99cb36,2026-10-02T07:03:33+00:00
BSE,2026-07-29,loaded,4845,583bc75ad143335ff963ebf62a81f389b6a265ce5694db4cdbbee1d8b5772304,2026-10-02T07:03:37+00:00
BSE,2026-07-30,loaded,4872,eefc184aff0d6af524b3f2d7c27c04d8d6b1fb21a60abcfef67af80f292f2395,2026-10-02T07:03:41+00:00
BSE,2026-07-31,loaded,4887,1d2ca8d1897607cc4f8d4fe7e5ecbaf6354428a43764381a0a12c27ef3987af3,2026-10-02T07:03:44+00:00
BSE,2026-08-03,loaded,5081,660878df18ba86479c89a53db8198116d4af3215df82da3652907116cd417ffd,2026-10-02T07:03:47+00:00
BSE,2026-08-04,loaded,4928,2d2843d31bee748063b45d0d18492c71b7ea09631239ac2634b38791a0e21792,2026-10-02T07:03:51+00:00
BSE,2026-08-05,loaded,4933,d5ee6ee66435071774b68e58fae951cbfda1e5efceb933c923029f2317937ace,2026-10-02T07:03:54+00:00
BSE,2026-08-06,loaded,4962,0aa083550a4dacf61daa9e77043d7af79048b59b3d79aa9eab19533dba3e5440,2026-10-02T07:03:57+00:00
BSE,2026-08-07,loaded,4939,15a3b8847a32a92415702d0704f4718820827926b254d0d388122b375845f0eb,2026-10-02T07:04:01+00:00
BSE,2026-08-10,loaded,5137,687d4887c2c62cf30f885b132935de83f99e1cb3d32669a40098a10209b05fa1,2026-10-02T07:04:04+00:00
BSE,2026-08-11,loaded,4987,e3b20406d70cd6c94007c6479cb33b192599372bbcd229e2dfa4ffa889dfce54,2026-10-02T07:04:08+00:00
BSE,2026-08-12,loaded,4948,367d0109e84cade24160a0710da504b1b6b097f79254dbc1196ceeb61f05aa7e,2026-10-02T07:04:11+00:00
BSE,2026-08-13,loaded,4972,fa94b2d071703917a1039f715e1b65bd52ddf90df1ff151e960a14abf369d1ac,2026-10-02T07:04:14+00:00
BSE,2026-08-14,loaded,4912,09acbc9bd32bd4b188aec10e5b32e67e10e79fbac31fa763b3fac57ca049c72d,2026-10-02T07:04:18+00:00
BSE,2026-08-17,loaded,5142,7f1d03065e38d512c7b2afcd48dbad924bdcfd41d63324269a5f60892fc3a7c5,2026-10-02T07:04:21+00:00
BSE,2026-08-18,loaded,4929,a65b0dc43a472b21b07943eade7824829dd617afbb8aac337c70ab9fab5174de,2026-10-02T07:04:24+00:00
BSE,2026-08-19,loaded,4924,f21f406d680d87ec555278c8c19e6dcf701eb5d421f74a323fd75b463b1ecf65,2026-10-02T07:04:27+00:00
BSE,2026-08-20,loaded,5000,498727d0057b8f7e8c7808e6506e4a27cf77749b51ee324b6a86a88b1f888177,2026-10-02T07:04:30+00:00
BSE,2026-08-21,loaded,4998,3ef8e5b8a3aadc40a531c226c6a97e2a32a924252501d6bb10c575f2e73fe9c8,2026-10-02T07:04:34+00:00
BSE,2026-08-24,loaded,5133,1f24ae3f1aa9a10eb439819dc23c57a85eb1916d5241d849fb228a4d3f67ab0b,2026-10-02T07:04:38+00:00
BSE,2026-08-25,loaded,4958,27b1037f676ebc34032af19a1827a99ea0c11930a010ae8957e3f3f487f4f76b,2026-10-02T07:04:44+00:00
BSE,2026-08-26,loaded,4942,333b50e1ba496fef87c951d4685b93e282e16bede05d98d0369bc536a8d22fc6,2026-10-02T07:04:48+00:00
BSE,2026-08-27,loaded,4923,caa221a1c2dc4480aae2c9fbb92a0a8011f31513c94ccde723abe91a290a6e28,2026-10-02T07:04:52+00:00
BSE,2026-08-28,loaded,4931,72d68e00887ca301b172441e3b2e63026db411cdf0fe9408328305773572fb0e,2026-10-02T07:04:55+00:00
BSE,2026-08-31,loaded,5121,cc2216eb81d6ff2f792a06e2ca118b460fe8c5279fd662e798d95fabfcf64f5b,2026-10-02T07:04:58+00:00
BSE,2026-09-01,loaded,5005,2411d0def02734ef7d8c305efb862549152e6bfecc6c7405893aab545e0e33bf,2026-10-02T07:05:03+00:00
BSE,2026-09-02,loaded,5002,33c79124f8158a24e73b0b1195aaf119e247ed7c48a928d2c4bebad3f7c5684c,2026-10-02T07:05:07+00:00
BSE,2026-09-03,loaded,4977,deaa7014817e04ccbf4fe12a9ac14643febd047aae07456b5da9bf1480988827,2026-10-02T07:05:10+00:00
BSE,2026-09-04,loaded,5042,dee989ec09890b4f261e967bfaa578841cc206579c973afe464fa28ca3015575,2026-10-02T07:05:13+00:00
BSE,2026-09-07,loaded,5183,c3503a702d3e55730d42ac7ba273f57e5c85958dd0ae2cd8515896bf23cfd99f,2026-10-02T07:05:17+00:00
BSE,2026-09-08,loaded,5049,f0e5adb2ae5714266edb223acdc8209e2acc98019b39b0df386efb44c0bb4188,2026-10-02T07:05:22+00:00
BSE,2026-09-09,loaded,5032,0a5b2150857750980035895aeeb0b658bd61c67d0ad5e5ffe36cbed7cfea96c8,2026-10-02T07:05:30+00:00
BSE,2026-09-10,loaded,4931,29f95fdd8032e20f83138f70f4db558b3afeb4a8d2ffcdec3d6e9b65454f83d2,2026-10-02T07:05:34+00:00
BSE,2026-09-11,loaded,5007,1d584522d25c840e44ed990a19b510d7fdf36e30d45f92479ddd915a35b3adb9,2026-10-02T07:05:37+00:00
BSE,2026-09-14,no_data,0,,2026-10-02T07:05:40+00:00
BSE,2026-09-15,loaded,5194,37776bbb47176495e81292f086a19808decea1d4925a3048b7b8ed54abeb8a18,2026-10-02T07:05:44+00:00
BSE,2026-09-16,loaded,5018,f9ab760e50c66e4c429fdf45223f5cae680fe0caf3ed7872ddc9651f3f46dd21,2026-10-02T07:05:47+00:00
BSE,2026-09-17,loaded,4971,f54d37e46ab39d14b89d63bc9ef76a93131a8a1a1aa9cbcf352770360ab41299,2026-10-02T07:05:50+00:00
BSE,2026-09-18,loaded,4973,d38f8fd4e939f6e84fff7014cb5ab121c72b4aaba2bd790e3b31ebfce0b9d91d,2026-10-02T07:05:53+00:00
BSE,2026-09-21,loaded,5175,63b604c63178d83a454fc131c6523edb6d5b9a2ed8097fbaf3f748a5a7305f25,2026-10-02T07:05:56+00:00
BSE,2026-09-22,loaded,5027,e383ed6bffe3f75f13f2430e030d3d43ccbf0b2dbd0ef859901b122dc9668c20,2026-10-02T07:05:59+00:00
BSE,2026-09-23,loaded,5059,778fbf3410228f3560cb0b3661ef268fb8fab06cc1a6cf8e2d3c14f3ff10debe,2026-10-02T07:06:02+00:00
BSE,2026-09-24,loaded,4999,1bb82443e1a55afd89d7c84daee355ce4341596f6b563a7f5af91b3e324117a7,2026-10-02T07:06:05+00:00
BSE,2026-09-25,loaded,5043,b34c2dbc11d66a02c278a76b84eb9c012e4ef662ca49408adb583f1e6ff283ff,2026-10-02T06:59:29+00:00
BSE,2026-09-28,loaded,5186,3bc426d5c07e66e109b65f40a6e49f423e5940340796de78fca5ce7696226105,2026-10-02T06:59:32+00:00
BSE,2026-09-29,loaded,5046,0247a915b33d4e5a093b571a313d51616c3164be37f8e852e933f306239c66ae,2026-10-02T06:59:36+00:00
BSE,2026-09-30,loaded,5077,e2b7cea2672aed05df3ce55f3c531a153cb2b5215e2b493b2735cd9be116acce,2026-10-02T06:59:39+00:00
BSE,2026-10-01,loaded,5163,4b31196430cbeb4cd7da07cfcb510aa152df0108f9c535620bfcf400cdab3eef,2026-10-02T06:59:42+00:00
BSE,2026-10-02,no_data,0,,2026-10-02T08:03:02+00:00
NSE,2026-07-01,loaded,3430,b4b41e84e4b1ecc499d457b10eaabf57e1a818ad8994b48572059307fea8c495,2026-10-02T07:02:27+00:00
NSE,2026-07-02,loaded,3463,5da98ff024e3bc8a4451c25f98689606b6b34e72e705176c8e7006565f4cc2eb,2026-10-02T07:02:31+00:00
NSE,2026-07-03,loaded,3447,af4fb2eab90627062b64066e5de1f88b097a7f730a212c7f8477e74f70ec85f3,2026-10-02T07:02:35+00:00
NSE,2026-07-06,loaded,3469,04b4c74b05b76431a935e712f9f9cc51c78cf6e7cd03b2746c5fc62dc643ea73,2026-10-02T07:02:40+00:00
NSE,2026-07-07,loaded,3394,298064933ba8e92a86b5cff0326158b3733ce890773cc348f92808efc779fe2c,2026-10-02T07:02:44+00:00
NSE,2026-07-08,loaded,3422,2032c64291db018471b8808af5795d5efff15383ae4b2308e0e750ee9f92aa3e,2026-10-02T07:02:48+00:00
NSE,2026-07-09,loaded,3421,d81d2112b53840d38afc6b281d013827e0af423a7e1a7502c1b292b3882bb16c,2026-10-02T07:02:51+00:00
NSE,2026-07-10,loaded,3417,d702562acf250c42d7bab6eae538eb5f0fc8b298091bf2af1c0bdd140cdc6cfc,2026-10-02T07:02:54+00:00
NSE,2026-07-13,loaded,3451,5d885ff5d0f44981aaf64f6c98c162900ed56805bd2c1f8978e342159cc5636f,2026-10-02T07:02:57+00:00
NSE,2026-07-14,loaded,3418,af036a89d78d8ad5b112a449825c6458532b4270ab635e59954a4628c985b822,2026-10-02T07:03:00+00:00
NSE,2026-07-15,loaded,3409,f073234ab734fbd679755c485cd607bec220bfe77fa2eebf4e605766386f5a19,2026-10-02T07:03:03+00:00
NSE,2026-07-16,loaded,3439,8f9ee750381b764dfdebafce8164ea73a3385cbd1bfbba61ef9418e30969b7d1,2026-10-02T07:03:06+00:00
NSE,2026-07-17,loaded,3426,978c5eb70a9a0dc852b5c97a93b583090fb3deea0cf0eef555a3f3d9a0eb339c,2026-10-02T07:03:09+00:00
NSE,2026-07-20,loaded,3395,f52d8dfe50807d3303743434188831115eee268b4bb7539b00ed5c1cdb714ac5,2026-10-02T07:03:13+00:00
NSE,2026-07-21,loaded,3442,d1d45e39dc501b2f48f9a5fea59b98bece2a49dc70564717cd57c3cbdc39d0de,2026-10-02T07:03:16+00:00
NSE,2026-07-22,loaded,3417,5e0b57775ba82e779cf58a5530ce308f2228723d43d0af85cc9238db67ea5c1e,2026-10-02T07:03:20+00:00
NSE,2026-07-23,loaded,3393,c108b7cfb21cc8ebc44a94f5290fcfa3e7c78200cc572acd4960ec7b8ddad645,2026-10-02T07:03:24+00:00
NSE,2026-07-24,loaded,3432,619c3322d984fd5fc1cc96ab150bcadd7c145a13d3c2d647479d76bd6a78976e,2026-10-02T07:03:28+00:00
NSE,2026-07-27,loaded,3453,783a9837d0f1799a35dcc60db43795c32a0c38666107a31f34b7fa6247b37226,2026-10-02T07:03:31+00:00
NSE,2026-07-28,loaded,3413,56c3d1be12bc64589953b8b6276c38bd5c980a8bae414bcbfd940aff9037f03d,2026-10-02T07:03:34+00:00
NSE,2026-07-29,loaded,3446,295216f074460bf05038036aa7fdfda3fb07083f2568392d66f4ae6ffa784bfa,2026-10-02T07:03:39+00:00
NSE,2026-07-30,loaded,3422,87a502163212df579e343724a38cd4cef4205e59b8e51d7620ed431504ef4882,2026-10-02T07:03:42+00:00
NSE,2026-07-31,loaded,3440,ff1d98c1a1d5e09ec0fa477fdec7cf7d434b08197cd9c584e94d5c8db1ecd772,2026-10-02T07:03:45+00:00
NSE,2026-08-03,loaded,3514,b06edcf0012012281f9179befa02a61458211f730d0a77584329b76e900160ec,2026-10-02T07:03:49+00:00
NSE,2026-08-04,loaded,3447,eecb8d90aba1610b3696e66f4dc2859a5687cbc5372c70337edf4fb2aef7a9b9,2026-10-02T07:03:52+00:00
NSE,2026-08-05,loaded,3477,97849a8214f85aa15d4b0d3c0024a4e27f5beb270c114596e1fe6aff619f7e1a,2026-10-02T07:03:55+00:00
NSE,2026-08-06,loaded,3484,efc0e9fe7aaac06313d9f717f44e60dfe799843c92ca17eb5e1af7c38fa54989,2026-10-02T07:03:59+00:00
NSE,2026-08-07,loaded,3473,2087c80491f16185df9617401504cbf24dfe6da95c4b09e38ea26a357834d472,2026-10-02T07:04:03+00:00
NSE,2026-08-10,loaded,3564,657ad33e9aff53fa6cbb097ae2b2b2ec5eaab27872f950868bddbb80f700b534,2026-10-02T07:04:06+00:00
NSE,2026-08-11,loaded,3483,2f88383e260d1cc073a15333b5733001630a10c4bd7c481586a5af11ae09e9be,2026-10-02T07:04:10+00:00
NSE,2026-08-12,loaded,3480,fcf125fb480fdb5daaffcf4338d35c30251c3a756184b0cc00a50f2b096c3434,2026-10-02T07:04:13+00:00
NSE,2026-08-13,loaded,3503,5cb34523f6a2359f59305bbc74949eb44708a898b45fbb52ad3cd037095e27c6,2026-10-02T07:04:16+00:00
NSE,2026-08-14,loaded,3464,8e977490e761e4c10e170d0b8f2ae2b0a23df9b7b1ddab85d70e870df3ec572d,2026-10-02T07:04:19+00:00
NSE,2026-08-17,loaded,3626,5d5bfd3a06965497f692106d03c6edd3c18642591c3439555fd03a2c32ca007d,2026-10-02T07:04:22+00:00
NSE,2026-08-18,loaded,3586,437aceacd51514db1fff2c23125ada76df7c0532e1e0165aed51c896a879c4dc,2026-10-02T07:04:25+00:00
NSE,2026-08-19,loaded,3614,ea17e3108b2f9536786c6e32cec2790df08f15923cc686e93a4c176b21f9d5d2,2026-10-02T07:04:28+00:00
NSE,2026-08-20,loaded,3638,1c07ec0e2cfa20ceecd00d77421f43395beb499594fbb010cbad9050702efb5b,2026-10-02T07:04:31+00:00
NSE,2026-08-21,loaded,3649,7565833f18fbd8bc32be4d46b2a8c0b10693921bed13283de7311dd2393a70f8,2026-10-02T07:04:35+00:00
NSE,2026-08-24,loaded,3676,2beed2f7be656991b54f4876dfe383390c3dbd485c22c00005433fd68b9a7358,2026-10-02T07:04:39+00:00
NSE,2026-08-25,loaded,3641,c7dcd7347b552f6ee41287423cdb02c055ba278747892d2add6f44070206e11f,2026-10-02T07:04:45+00:00
NSE,2026-08-26,loaded,3653,c0874736a467b95d3e0e595302cff0c1a2f271cb58b866304845dc51a4a00580,2026-10-02T07:04:49+00:00
NSE,2026-08-27,loaded,3624,1cd3399e3e31de2ccf5d688fda7d94eaa573253c0bffa220c5b0e54e7555fdd8,2026-10-02T07:04:53+00:00
NSE,2026-08-28,loaded,3612,310000d6dcc19b790204404a2cbfcda8e0bf70dbff1df903ae587cc6b22ee8eb,2026-10-02T07:04:56+00:00
NSE,2026-08-31,loaded,3646,b6017ebe7da497a10d32399c22b1ed4043b7a3c3b324d260ff6ee0b718739f6c,2026-10-02T07:05:00+00:00
NSE,2026-09-01,loaded,3656,62af4a8b4e5fad42f2372d7c4a707be4eca362d6c9188283f98d9162a9b13d79,2026-10-02T07:05:04+00:00
NSE,2026-09-02,loaded,3633,d0f6cbe61dec688dae670871d1731ecbff8c26890b1245355ff63cad38b6e21f,2026-10-02T07:05:08+00:00
NSE,2026-09-03,loaded,3635,6d65a8f881ae9fefcf750a6e788096de15ae297d8baea3b5c1a2ac16e811eb48,2026-10-02T07:05:11+00:00
NSE,2026-09-04,loaded,3655,7036e0056a4d7d5e0ac7ab9ed612846c55a2375fb18fe6692dde1b496ffaac04,2026-10-02T07:05:15+00:00
NSE,2026-09-07,loaded,3704,bf2ad7a4ae5d1640e00c0d934c4ee4e8662db839398c07fffbd02644178fe7f4,2026-10-02T07:05:19+00:00
NSE,2026-09-08,loaded,3652,f85d43956b14699a58c94d512dc4a753eb00cf35221a9f9d84da7f3d8a06b038,2026-10-02T07:05:27+00:00
NSE,2026-09-09,loaded,3681,338436fd93b4369cc1128c36556aa73731ec0dd794d5bf1e24a8e5d9ecf1ff4b,2026-10-02T07:05:32+00:00
NSE,2026-09-10,loaded,3670,3bb0db7c40bbc581a49eadc4b894db59c6e7e167bb68c6669bb1fdb1cafe7ef8,2026-10-02T07:05:35+00:00
NSE,2026-09-11,loaded,3646,e8805d9835fa641eb09c983b8dd4873a8fca360d59573fc2eb3749b20396ce76,2026-10-02T07:05:38+00:00
NSE,2026-09-14,no_data,0,,2026-10-02T07:05:41+00:00
NSE,2026-09-15,loaded,3692,8731e2b6f7394ad52884aa15d5ba0327c8082f3ea89bcb92227fad43e801c6a7,2026-10-02T07:05:45+00:00
NSE,2026-09-16,loaded,3669,698168dbd2fd2cc536bb164da3462b06ab878450407ea7e49dada1c912da1c31,2026-10-02T07:05:48+00:00
NSE,2026-09-17,loaded,3658,f9792c3f6b08e801c18b505a4702a4bf1a3c407b2e4e48284e7d98ad7718cc7e,2026-10-02T07:05:51+00:00
NSE,2026-09-18,loaded,3660,7cae275ca1013640be78b5607978830b92ff17f5412a303c514aaf9c3d8578a1,2026-10-02T07:05:55+00:00
NSE,2026-09-21,loaded,3710,75123cbb70d098a468df14f3a7d0944aaea07445f20a507d08b3c614782dc868,2026-10-02T07:05:57+00:00
NSE,2026-09-22,loaded,3676,984ea58d3dba92bcdfd65686564458004c96f49a3f93174fbaf08be1f422a819,2026-10-02T07:06:00+00:00
NSE,2026-09-23,loaded,3696,fe6775a537b6dc8f796eab650f37d039ba1b38a20b903f4d4de681a5cd4f7547,2026-10-02T07:06:03+00:00
NSE,2026-09-24,loaded,3637,8b09a3e30b3683e0f16799d503b50575a8eee956dc0ee843e284815f8760d7e1,2026-10-02T07:06:06+00:00
NSE,2026-09-25,loaded,3654,4f77b81b0df764a95376a997c1fd6524d8a6f1c5ae44604d553bebbdbca8f5f8,2026-10-02T06:59:30+00:00
NSE,2026-09-28,loaded,3682,3822761536596adb38171e51d3b1422d99004830c605172e4bb6b648f64858b5,2026-10-02T06:59:33+00:00
NSE,2026-09-29,loaded,3688,37ac1f6e42b44faadc215a0fe343140dfe15012609a427dc6b25482bf8a34ae0,2026-10-02T06:59:37+00:00
NSE,2026-09-30,loaded,3696,ae65f303173049b9f0b9d611c03df29af8d550828a7d8c9f545c7e9921ddb7a8,2026-10-02T06:59:40+00:00
NSE,2026-10-01,loaded,3712,5d5ac5591c32ca5d53539df02cfdee3795a2657183570a42eb1d714ab1822354,2026-10-02T06:59:43+00:00
NSE,2026-10-02,no_data,0,,2026-10-02T08:03:03+00:00
